[
  {
    "value": "11",
    "ciudades": [{ "label": "Bogotá", "value": "001" }]
  },
  {
    "value": "8",
    "ciudades": [
      { "label": "Barranquilla", "value": "001" },
      { "label": "Baranoa", "value": "078" },
      { "label": "Campo De La Cruz", "value": "137" },
      { "label": "Candelaria", "value": "141" },
      { "label": "Galapa", "value": "296" },
      { "label": "Juan De Acosta", "value": "372" },
      { "label": "Luruaco", "value": "421" },
      { "label": "Malambo", "value": "433" },
      { "label": "Manatí", "value": "436" },
      { "label": "Palmar De Varela", "value": "520" },
      { "label": "Piojó", "value": "549" },
      { "label": "Polonuevo", "value": "558" },
      { "label": "Puerto Colombia", "value": "573" },
      { "label": "Repelón", "value": "606" },
      { "label": "Sabanagrande", "value": "634" },
      { "label": "Sabanalarga", "value": "638" },
      { "label": "Santa Lucía", "value": "675" },
      { "label": "Santo Tomás", "value": "685" },
      { "label": "Soledad", "value": "758" },
      { "label": "Suan", "value": "770" },
      { "label": "Tubará", "value": "832" },
      { "label": "Usiacurí", "value": "849" }
    ]
  },

  {
    "value": "5",
    "ciudades": [
      { "label": "Medellín", "value": "001" },
      { "label": "Abejorral", "value": "002" },
      { "label": "Abriaquí", "value": "004" },
      { "label": "Alejandría", "value": "021" },
      { "label": "Amagá", "value": "030" },
      { "label": "Amalfi", "value": "031" },
      { "label": "Andes", "value": "034" },
      { "label": "Angelópolis", "value": "036" },
      { "label": "Angostura", "value": "038" },
      { "label": "Anorí", "value": "040" },
      { "label": "Santa Fé De Antioquia", "value": "042" },
      { "label": "Anzá", "value": "044" },
      { "label": "Apartadó", "value": "045" },
      { "label": "Arboletes", "value": "051" },
      { "label": "Argelia", "value": "055" },
      { "label": "Armenia", "value": "059" },
      { "label": "Barbosa", "value": "079" },
      { "label": "Belmira", "value": "086" },
      { "label": "Bello", "value": "088" },
      { "label": "Betania", "value": "091" },
      { "label": "Betulia", "value": "093" },
      { "label": "Ciudad Bolívar", "value": "101" },
      { "label": "Briceño", "value": "107" },
      { "label": "Buriticá", "value": "113" },
      { "label": "Cáceres", "value": "120" },
      { "label": "Caicedo", "value": "125" },
      { "label": "Caldas", "value": "129" },
      { "label": "Campamento", "value": "134" },
      { "label": "Cañasgordas", "value": "138" },
      { "label": "Caracolí", "value": "142" },
      { "label": "Caramanta", "value": "145" },
      { "label": "Carepa", "value": "147" },
      { "label": "El Carmen De Viboral", "value": "148" },
      { "label": "Carolina", "value": "150" },
      { "label": "Caucasia", "value": "154" },
      { "label": "Chigorodó", "value": "172" },
      { "label": "Cisneros", "value": "190" },
      { "label": "Cocorná", "value": "197" },
      { "label": "Concepción", "value": "206" },
      { "label": "Concordia", "value": "209" },
      { "label": "Copacabana", "value": "212" },
      { "label": "Dabeiba", "value": "234" },
      { "label": "Donmatías", "value": "237" },
      { "label": "Ebéjico", "value": "240" },
      { "label": "El Bagre", "value": "250" },
      { "label": "Entrerríos", "value": "264" },
      { "label": "Envigado", "value": "266" },
      { "label": "Fredonia", "value": "282" },
      { "label": "Frontino", "value": "284" },
      { "label": "Giraldo", "value": "306" },
      { "label": "Girardota", "value": "308" },
      { "label": "Gómez Plata", "value": "310" },
      { "label": "Granada", "value": "313" },
      { "label": "Guadalupe", "value": "315" },
      { "label": "Guarne", "value": "318" },
      { "label": "Guatapé", "value": "321" },
      { "label": "Heliconia", "value": "347" },
      { "label": "Hispania", "value": "353" },
      { "label": "Itagüí", "value": "360" },
      { "label": "Ituango", "value": "361" },
      { "label": "Jardín", "value": "364" },
      { "label": "Jericó", "value": "368" },
      { "label": "La Ceja", "value": "376" },
      { "label": "La Estrella", "value": "380" },
      { "label": "La Pintada", "value": "390" },
      { "label": "La Unión", "value": "400" },
      { "label": "Liborina", "value": "411" },
      { "label": "Maceo", "value": "425" },
      { "label": "Marinilla", "value": "440" },
      { "label": "Montebello", "value": "467" },
      { "label": "Murindó", "value": "475" },
      { "label": "Mutatá", "value": "480" },
      { "label": "Nariño", "value": "483" },
      { "label": "Necoclí", "value": "490" },
      { "label": "Nechí", "value": "495" },
      { "label": "Olaya", "value": "501" },
      { "label": "Peñol", "value": "541" },
      { "label": "Peque", "value": "543" },
      { "label": "Pueblorrico", "value": "576" },
      { "label": "Puerto Berrío", "value": "579" },
      { "label": "Puerto Nare", "value": "585" },
      { "label": "Puerto Triunfo", "value": "591" },
      { "label": "Remedios", "value": "604" },
      { "label": "Retiro", "value": "607" },
      { "label": "Rionegro", "value": "615" },
      { "label": "Sabanalarga", "value": "628" },
      { "label": "Sabaneta", "value": "631" },
      { "label": "Salgar", "value": "642" },
      { "label": "San Andrés De Cuerquía", "value": "647" },
      { "label": "San Carlos", "value": "649" },
      { "label": "San Francisco", "value": "652" },
      { "label": "San Jerónimo", "value": "656" },
      { "label": "San José De La Montaña", "value": "658" },
      { "label": "San Juan De Urabá", "value": "659" },
      { "label": "San Luis", "value": "660" },
      { "label": "San Pedro De Los Milagros", "value": "664" },
      { "label": "San Pedro De Urabá", "value": "665" },
      { "label": "San Rafael", "value": "667" },
      { "label": "San Roque", "value": "670" },
      { "label": "San Vicente Ferrer", "value": "674" },
      { "label": "Santa Bárbara", "value": "679" },
      { "label": "Santa Rosa De Osos", "value": "686" },
      { "label": "Santo Domingo", "value": "690" },
      { "label": "El Santuario", "value": "697" },
      { "label": "Segovia", "value": "736" },
      { "label": "Sonsón", "value": "756" },
      { "label": "Sopetrán", "value": "761" },
      { "label": "Támesis", "value": "789" },
      { "label": "Tarazá", "value": "790" },
      { "label": "Tarso", "value": "792" },
      { "label": "Titiribí", "value": "809" },
      { "label": "Toledo", "value": "819" },
      { "label": "Turbo", "value": "837" },
      { "label": "Uramita", "value": "842" },
      { "label": "Urrao", "value": "847" },
      { "label": "Valdivia", "value": "854" },
      { "label": "Valparaíso", "value": "856" },
      { "label": "Vegachí", "value": "858" },
      { "label": "Venecia", "value": "861" },
      { "label": "Vigía Del Fuerte", "value": "873" },
      { "label": "Yalí", "value": "885" },
      { "label": "Yarumal", "value": "887" },
      { "label": "Yolombó", "value": "890" },
      { "label": "Yondó", "value": "893" },
      { "label": "Zaragoza", "value": "895" }
    ]
  },
  {
    "value": "13",
    "ciudades": [
      { "label": "Cartagena De Indias", "value": "001" },
      { "label": "Achí", "value": "006" },
      { "label": "Altos Del Rosario", "value": "030" },
      { "label": "Arenal", "value": "042" },
      { "label": "Arjona", "value": "052" },
      { "label": "Arroyohondo", "value": "062" },
      { "label": "Barranco De Loba", "value": "074" },
      { "label": "Calamar", "value": "140" },
      { "label": "Cantagallo", "value": "160" },
      { "label": "Cicuco", "value": "188" },
      { "label": "Córdoba", "value": "212" },
      { "label": "Clemencia", "value": "222" },
      { "label": "El Carmen De Bolívar", "value": "244" },
      { "label": "El Guamo", "value": "248" },
      { "label": "El Peñón", "value": "268" },
      { "label": "Hatillo De Loba", "value": "300" },
      { "label": "Magangué", "value": "430" },
      { "label": "Mahates", "value": "433" },
      { "label": "Margarita", "value": "440" },
      { "label": "María La Baja", "value": "442" },
      { "label": "Montecristo", "value": "458" },
      { "label": "Mompós", "value": "468" },
      { "label": "Morales", "value": "473" },
      { "label": "Norosí", "value": "490" },
      { "label": "Pinillos", "value": "549" },
      { "label": "Regidor", "value": "580" },
      { "label": "Río Viejo", "value": "600" },
      { "label": "San Cristóbal", "value": "620" },
      { "label": "San Estanislao", "value": "647" },
      { "label": "San Fernando", "value": "650" },
      { "label": "San Jacinto", "value": "654" },
      { "label": "San Jacinto Del Cauca", "value": "655" },
      { "label": "San Juan Nepomuceno", "value": "657" },
      { "label": "San Martín De Loba", "value": "667" },
      { "label": "San Pablo", "value": "670" },
      { "label": "Santa Catalina", "value": "673" },
      { "label": "Santa Rosa", "value": "683" },
      { "label": "Santa Rosa Del Sur", "value": "688" },
      { "label": "Simití", "value": "744" },
      { "label": "Soplaviento", "value": "760" },
      { "label": "Talaigua Nuevo", "value": "780" },
      { "label": "Tiquisio", "value": "810" },
      { "label": "Turbaco", "value": "836" },
      { "label": "Turbaná", "value": "838" },
      { "label": "Villanueva", "value": "873" },
      { "label": "Zambrano", "value": "894" }
    ]
  },
  {
    "value": "15",
    "ciudades": [
      { "label": "Tunja", "value": "001" },
      { "label": "Almeida", "value": "022" },
      { "label": "Aquitania", "value": "047" },
      { "label": "Arcabuco", "value": "051" },
      { "label": "Belén", "value": "087" },
      { "label": "Berbeo", "value": "090" },
      { "label": "Betéitiva", "value": "092" },
      { "label": "Boavita", "value": "097" },
      { "label": "Boyacá", "value": "104" },
      { "label": "Briceño", "value": "106" },
      { "label": "Buenavista", "value": "109" },
      { "label": "Busbanzá", "value": "114" },
      { "label": "Caldas", "value": "131" },
      { "label": "Campohermoso", "value": "135" },
      { "label": "Cerinza", "value": "162" },
      { "label": "Chinavita", "value": "172" },
      { "label": "Chiquinquirá", "value": "176" },
      { "label": "Chiscas", "value": "180" },
      { "label": "Chita", "value": "183" },
      { "label": "Chitaraque", "value": "185" },
      { "label": "Chivatá", "value": "187" },
      { "label": "Ciénega", "value": "189" },
      { "label": "Cómbita", "value": "204" },
      { "label": "Coper", "value": "212" },
      { "label": "Corrales", "value": "215" },
      { "label": "Covarachía", "value": "218" },
      { "label": "Cubará", "value": "223" },
      { "label": "Cucaita", "value": "224" },
      { "label": "Cuítiva", "value": "226" },
      { "label": "Chíquiza", "value": "232" },
      { "label": "Chivor", "value": "236" },
      { "label": "Duitama", "value": "238" },
      { "label": "El Cocuy", "value": "244" },
      { "label": "El Espino", "value": "248" },
      { "label": "Firavitoba", "value": "272" },
      { "label": "Floresta", "value": "276" },
      { "label": "Gachantivá", "value": "293" },
      { "label": "Gámeza", "value": "296" },
      { "label": "Garagoa", "value": "299" },
      { "label": "Guacamayas", "value": "317" },
      { "label": "Guateque", "value": "322" },
      { "label": "Guayatá", "value": "325" },
      { "label": "Güicán De La Sierra", "value": "332" },
      { "label": "Iza", "value": "362" },
      { "label": "Jenesano", "value": "367" },
      { "label": "Jericó", "value": "368" },
      { "label": "Labranzagrande", "value": "377" },
      { "label": "La Capilla", "value": "380" },
      { "label": "La Victoria", "value": "401" },
      { "label": "La Uvita", "value": "403" },
      { "label": "Villa De Leyva", "value": "407" },
      { "label": "Macanal", "value": "425" },
      { "label": "Maripí", "value": "442" },
      { "label": "Miraflores", "value": "455" },
      { "label": "Mongua", "value": "464" },
      { "label": "Monguí", "value": "466" },
      { "label": "Moniquirá", "value": "469" },
      { "label": "Motavita", "value": "476" },
      { "label": "Muzo", "value": "480" },
      { "label": "Nobsa", "value": "491" },
      { "label": "Nuevo Colón", "value": "494" },
      { "label": "Oicatá", "value": "500" },
      { "label": "Otanche", "value": "507" },
      { "label": "Pachavita", "value": "511" },
      { "label": "Páez", "value": "514" },
      { "label": "Paipa", "value": "516" },
      { "label": "Pajarito", "value": "518" },
      { "label": "Panqueba", "value": "522" },
      { "label": "Pauna", "value": "531" },
      { "label": "Paya", "value": "533" },
      { "label": "Paz De Río", "value": "537" },
      { "label": "Pesca", "value": "542" },
      { "label": "Pisba", "value": "550" },
      { "label": "Puerto Boyacá", "value": "572" },
      { "label": "Quípama", "value": "580" },
      { "label": "Ramiriquí", "value": "599" },
      { "label": "Ráquira", "value": "600" },
      { "label": "Rondón", "value": "621" },
      { "label": "Saboyá", "value": "632" },
      { "label": "Sáchica", "value": "638" },
      { "label": "Samacá", "value": "646" },
      { "label": "San Eduardo", "value": "660" },
      { "label": "San José De Pare", "value": "664" },
      { "label": "San Luis De Gaceno", "value": "667" },
      { "label": "San Mateo", "value": "673" },
      { "label": "San Miguel De Sema", "value": "676" },
      { "label": "San Pablo De Borbur", "value": "681" },
      { "label": "Santana", "value": "686" },
      { "label": "Santa María", "value": "690" },
      { "label": "Santa Rosa De Viterbo", "value": "693" },
      { "label": "Santa Sofía", "value": "696" },
      { "label": "Sativanorte", "value": "720" },
      { "label": "Sativasur", "value": "723" },
      { "label": "Siachoque", "value": "740" },
      { "label": "Soatá", "value": "753" },
      { "label": "Socotá", "value": "755" },
      { "label": "Socha", "value": "757" },
      { "label": "Sogamoso", "value": "759" },
      { "label": "Somondoco", "value": "761" },
      { "label": "Sora", "value": "762" },
      { "label": "Sotaquirá", "value": "763" },
      { "label": "Soracá", "value": "764" },
      { "label": "Susacón", "value": "774" },
      { "label": "Sutamarchán", "value": "776" },
      { "label": "Sutatenza", "value": "778" },
      { "label": "Tasco", "value": "790" },
      { "label": "Tenza", "value": "798" },
      { "label": "Tibaná", "value": "804" },
      { "label": "Tibasosa", "value": "806" },
      { "label": "Tinjacá", "value": "808" },
      { "label": "Tipacoque", "value": "810" },
      { "label": "Toca", "value": "814" },
      { "label": "Togüí", "value": "816" },
      { "label": "Tópaga", "value": "820" },
      { "label": "Tota", "value": "822" },
      { "label": "Tununguá", "value": "832" },
      { "label": "Turmequé", "value": "835" },
      { "label": "Tuta", "value": "837" },
      { "label": "Tutazá", "value": "839" },
      { "label": "Úmbita", "value": "842" },
      { "label": "Ventaquemada", "value": "861" },
      { "label": "Viracachá", "value": "879" },
      { "label": "Zetaquira", "value": "897" }
    ]
  },
  {
    "value": "17",
    "ciudades": [
      { "label": "Manizales", "value": "001" },
      { "label": "Aguadas", "value": "013" },
      { "label": "Anserma", "value": "042" },
      { "label": "Aranzazu", "value": "050" },
      { "label": "Belalcázar", "value": "088" },
      { "label": "Chinchiná", "value": "174" },
      { "label": "Filadelfia", "value": "272" },
      { "label": "La Dorada", "value": "380" },
      { "label": "La Merced", "value": "388" },
      { "label": "Manzanares", "value": "433" },
      { "label": "Marmato", "value": "442" },
      { "label": "Marquetalia", "value": "444" },
      { "label": "Marulanda", "value": "446" },
      { "label": "Neira", "value": "486" },
      { "label": "Norcasia", "value": "495" },
      { "label": "Pácora", "value": "513" },
      { "label": "Palestina", "value": "524" },
      { "label": "Pensilvania", "value": "541" },
      { "label": "Riosucio", "value": "614" },
      { "label": "Risaralda", "value": "616" },
      { "label": "Salamina", "value": "653" },
      { "label": "Samaná", "value": "662" },
      { "label": "San José", "value": "665" },
      { "label": "Supía", "value": "777" },
      { "label": "Victoria", "value": "867" },
      { "label": "Villamaría", "value": "873" },
      { "label": "Viterbo", "value": "877" }
    ]
  },
  {
    "value": "18",
    "ciudades": [
      { "label": "Florencia", "value": "001" },
      { "label": "Albania", "value": "029" },
      { "label": "Belén De Los Andaquíes", "value": "094" },
      { "label": "Cartagena Del Chairá", "value": "150" },
      { "label": "Curillo", "value": "205" },
      { "label": "El Doncello", "value": "247" },
      { "label": "El Paujíl", "value": "256" },
      { "label": "La Montañita", "value": "410" },
      { "label": "Milán", "value": "460" },
      { "label": "Morelia", "value": "479" },
      { "label": "Puerto Rico", "value": "592" },
      { "label": "San José Del Fragua", "value": "610" },
      { "label": "San Vicente Del Caguán", "value": "753" },
      { "label": "Solano", "value": "756" },
      { "label": "Solita", "value": "785" },
      { "label": "Valparaíso", "value": "860" }
    ]
  },
  {
    "value": "19",
    "ciudades": [
      { "label": "Popayán", "value": "001" },
      { "label": "Almaguer", "value": "022" },
      { "label": "Argelia", "value": "050" },
      { "label": "Balboa", "value": "075" },
      { "label": "Bolívar", "value": "100" },
      { "label": "Buenos Aires", "value": "110" },
      { "label": "Cajibío", "value": "130" },
      { "label": "Caldono", "value": "137" },
      { "label": "Caloto", "value": "142" },
      { "label": "Corinto", "value": "212" },
      { "label": "El Tambo", "value": "256" },
      { "label": "Florencia", "value": "290" },
      { "label": "Guachené", "value": "300" },
      { "label": "Guapi", "value": "318" },
      { "label": "Inzá", "value": "355" },
      { "label": "Jambaló", "value": "364" },
      { "label": "La Sierra", "value": "392" },
      { "label": "La Vega", "value": "397" },
      { "label": "López De Micay", "value": "418" },
      { "label": "Mercaderes", "value": "450" },
      { "label": "Miranda", "value": "455" },
      { "label": "Morales", "value": "473" },
      { "label": "Padilla", "value": "513" },
      { "label": "Páez", "value": "517" },
      { "label": "Patía", "value": "532" },
      { "label": "Piamonte", "value": "533" },
      { "label": "Piendamó - Tunía", "value": "548" },
      { "label": "Puerto Tejada", "value": "573" },
      { "label": "Puracé", "value": "585" },
      { "label": "Rosas", "value": "622" },
      { "label": "San Sebastián", "value": "693" },
      { "label": "Santander De Quilichao", "value": "698" },
      { "label": "Santa Rosa", "value": "701" },
      { "label": "Silvia", "value": "743" },
      { "label": "Sotará Paispamba", "value": "760" },
      { "label": "Suárez", "value": "780" },
      { "label": "Sucre", "value": "785" },
      { "label": "Timbío", "value": "807" },
      { "label": "Timbiquí", "value": "809" },
      { "label": "Toribío", "value": "821" },
      { "label": "Totoró", "value": "824" },
      { "label": "Villa Rica", "value": "845" }
    ]
  },
  {
    "value": "20",
    "ciudades": [
      { "label": "Valledupar", "value": "001" },
      { "label": "Aguachica", "value": "011" },
      { "label": "Agustín Codazzi", "value": "013" },
      { "label": "Astrea", "value": "032" },
      { "label": "Becerril", "value": "045" },
      { "label": "Bosconia", "value": "060" },
      { "label": "Chimichagua", "value": "175" },
      { "label": "Chiriguaná", "value": "178" },
      { "label": "Curumaní", "value": "228" },
      { "label": "El Copey", "value": "238" },
      { "label": "El Paso", "value": "250" },
      { "label": "Gamarra", "value": "295" },
      { "label": "González", "value": "310" },
      { "label": "La Gloria", "value": "383" },
      { "label": "La Jagua De Ibirico", "value": "400" },
      { "label": "Manaure Balcón Del Cesar", "value": "443" },
      { "label": "Pailitas", "value": "517" },
      { "label": "Pelaya", "value": "550" },
      { "label": "Pueblo Bello", "value": "570" },
      { "label": "Río De Oro", "value": "614" },
      { "label": "La Paz", "value": "621" },
      { "label": "San Alberto", "value": "710" },
      { "label": "San Diego", "value": "750" },
      { "label": "San Martín", "value": "770" },
      { "label": "Tamalameque", "value": "787" }
    ]
  },
  {
    "value": "23",
    "ciudades": [
      { "label": "Montería", "value": "001" },
      { "label": "Ayapel", "value": "068" },
      { "label": "Buenavista", "value": "079" },
      { "label": "Canalete", "value": "090" },
      { "label": "Cereté", "value": "162" },
      { "label": "Chimá", "value": "168" },
      { "label": "Chinú", "value": "182" },
      { "label": "Ciénaga De Oro", "value": "189" },
      { "label": "Cotorra", "value": "300" },
      { "label": "La Apartada", "value": "350" },
      { "label": "Lorica", "value": "417" },
      { "label": "Los Córdobas", "value": "419" },
      { "label": "Momil", "value": "464" },
      { "label": "Montelíbano", "value": "466" },
      { "label": "Moñitos", "value": "500" },
      { "label": "Planeta Rica", "value": "555" },
      { "label": "Pueblo Nuevo", "value": "570" },
      { "label": "Puerto Escondido", "value": "574" },
      { "label": "Puerto Libertador", "value": "580" },
      { "label": "Purísima De La Concepción", "value": "586" },
      { "label": "Sahagún", "value": "660" },
      { "label": "San Andrés De Sotavento", "value": "670" },
      { "label": "San Antero", "value": "672" },
      { "label": "San Bernardo Del Viento", "value": "675" },
      { "label": "San Carlos", "value": "678" },
      { "label": "San José De Uré", "value": "682" },
      { "label": "San Pelayo", "value": "686" },
      { "label": "Tierralta", "value": "807" },
      { "label": "Tuchín", "value": "815" },
      { "label": "Valencia", "value": "855" }
    ]
  },
  {
    "value": "25",
    "ciudades": [
      { "label": "Agua De Dios", "value": "001" },
      { "label": "Albán", "value": "019" },
      { "label": "Anapoima", "value": "035" },
      { "label": "Anolaima", "value": "040" },
      { "label": "Arbeláez", "value": "053" },
      { "label": "Beltrán", "value": "086" },
      { "label": "Bituima", "value": "095" },
      { "label": "Bojacá", "value": "099" },
      { "label": "Cabrera", "value": "120" },
      { "label": "Cachipay", "value": "123" },
      { "label": "Cajicá", "value": "126" },
      { "label": "Caparrapí", "value": "148" },
      { "label": "Cáqueza", "value": "151" },
      { "label": "Carmen De Carupa", "value": "154" },
      { "label": "Chaguaní", "value": "168" },
      { "label": "Chía", "value": "175" },
      { "label": "Chipaque", "value": "178" },
      { "label": "Choachí", "value": "181" },
      { "label": "Chocontá", "value": "183" },
      { "label": "Cogua", "value": "200" },
      { "label": "Cota", "value": "214" },
      { "label": "Cucunubá", "value": "224" },
      { "label": "El Colegio", "value": "245" },
      { "label": "El Peñón", "value": "258" },
      { "label": "El Rosal", "value": "260" },
      { "label": "Facatativá", "value": "269" },
      { "label": "Fómeque", "value": "279" },
      { "label": "Fosca", "value": "281" },
      { "label": "Funza", "value": "286" },
      { "label": "Fúquene", "value": "288" },
      { "label": "Fusagasugá", "value": "290" },
      { "label": "Gachalá", "value": "293" },
      { "label": "Gachancipá", "value": "295" },
      { "label": "Gachetá", "value": "297" },
      { "label": "Gama", "value": "299" },
      { "label": "Girardot", "value": "307" },
      { "label": "Granada", "value": "312" },
      { "label": "Guachetá", "value": "317" },
      { "label": "Guaduas", "value": "320" },
      { "label": "Guasca", "value": "322" },
      { "label": "Guataquí", "value": "324" },
      { "label": "Guatavita", "value": "326" },
      { "label": "Guayabal De Síquima", "value": "328" },
      { "label": "Guayabetal", "value": "335" },
      { "label": "Gutiérrez", "value": "339" },
      { "label": "Jerusalén", "value": "368" },
      { "label": "Junín", "value": "372" },
      { "label": "La Calera", "value": "377" },
      { "label": "La Mesa", "value": "386" },
      { "label": "La Palma", "value": "394" },
      { "label": "La Peña", "value": "398" },
      { "label": "La Vega", "value": "402" },
      { "label": "Lenguazaque", "value": "407" },
      { "label": "Machetá", "value": "426" },
      { "label": "Madrid", "value": "430" },
      { "label": "Manta", "value": "436" },
      { "label": "Medina", "value": "438" },
      { "label": "Mosquera", "value": "473" },
      { "label": "Nariño", "value": "483" },
      { "label": "Nemocón", "value": "486" },
      { "label": "Nilo", "value": "488" },
      { "label": "Nimaima", "value": "489" },
      { "label": "Nocaima", "value": "491" },
      { "label": "Venecia", "value": "506" },
      { "label": "Pacho", "value": "513" },
      { "label": "Paime", "value": "518" },
      { "label": "Pandi", "value": "524" },
      { "label": "Paratebueno", "value": "530" },
      { "label": "Pasca", "value": "535" },
      { "label": "Puerto Salgar", "value": "572" },
      { "label": "Pulí", "value": "580" },
      { "label": "Quebradanegra", "value": "592" },
      { "label": "Quetame", "value": "594" },
      { "label": "Quipile", "value": "596" },
      { "label": "Apulo", "value": "599" },
      { "label": "Ricaurte", "value": "612" },
      { "label": "San Antonio Del Tequendama", "value": "645" },
      { "label": "San Bernardo", "value": "649" },
      { "label": "San Cayetano", "value": "653" },
      { "label": "San Francisco", "value": "658" },
      { "label": "San Juan De Rioseco", "value": "662" },
      { "label": "Sasaima", "value": "718" },
      { "label": "Sesquilé", "value": "736" },
      { "label": "Sibaté", "value": "740" },
      { "label": "Silvania", "value": "743" },
      { "label": "Simijaca", "value": "745" },
      { "label": "Soacha", "value": "754" },
      { "label": "Sopó", "value": "758" },
      { "label": "Subachoque", "value": "769" },
      { "label": "Suesca", "value": "772" },
      { "label": "Supatá", "value": "777" },
      { "label": "Susa", "value": "779" },
      { "label": "Sutatausa", "value": "781" },
      { "label": "Tabio", "value": "785" },
      { "label": "Tausa", "value": "793" },
      { "label": "Tena", "value": "797" },
      { "label": "Tenjo", "value": "799" },
      { "label": "Tibacuy", "value": "805" },
      { "label": "Tibirita", "value": "807" },
      { "label": "Tocaima", "value": "815" },
      { "label": "Tocancipá", "value": "817" },
      { "label": "Topaipí", "value": "823" },
      { "label": "Ubalá", "value": "839" },
      { "label": "Ubaque", "value": "841" },
      { "label": "Villa De San Diego De Ubaté", "value": "843" },
      { "label": "Une", "value": "845" },
      { "label": "Útica", "value": "851" },
      { "label": "Vergara", "value": "862" },
      { "label": "Vianí", "value": "867" },
      { "label": "Villagómez", "value": "871" },
      { "label": "Villapinzón", "value": "873" },
      { "label": "Villeta", "value": "875" },
      { "label": "Viotá", "value": "878" },
      { "label": "Yacopí", "value": "885" },
      { "label": "Zipacón", "value": "898" },
      { "label": "Zipaquirá", "value": "899" }
    ]
  },
  {
    "value": "27",
    "ciudades": [
      { "label": "Quibdó", "value": "001" },
      { "label": "Acandí", "value": "006" },
      { "label": "Alto Baudó", "value": "025" },
      { "label": "Atrato", "value": "050" },
      { "label": "Bagadó", "value": "073" },
      { "label": "Bahía Solano", "value": "075" },
      { "label": "Bajo Baudó", "value": "077" },
      { "label": "Bojayá", "value": "099" },
      { "label": "El Cantón Del San Pablo", "value": "135" },
      { "label": "Carmen Del Darién", "value": "150" },
      { "label": "Cértegui", "value": "160" },
      { "label": "Condoto", "value": "205" },
      { "label": "El Carmen De Atrato", "value": "245" },
      { "label": "El Litoral Del San Juan", "value": "250" },
      { "label": "Istmina", "value": "361" },
      { "label": "Juradó", "value": "372" },
      { "label": "Lloró", "value": "413" },
      { "label": "Medio Atrato", "value": "425" },
      { "label": "Medio Baudó", "value": "430" },
      { "label": "Medio San Juan", "value": "450" },
      { "label": "Nóvita", "value": "491" },
      { "label": "Nuquí", "value": "495" },
      { "label": "Río Iró", "value": "580" },
      { "label": "Río Quito", "value": "600" },
      { "label": "Riosucio", "value": "615" },
      { "label": "San José Del Palmar", "value": "660" },
      { "label": "Sipí", "value": "745" },
      { "label": "Tadó", "value": "787" },
      { "label": "Unguía", "value": "800" },
      { "label": "Unión Panamericana", "value": "810" }
    ]
  },
  {
    "value": "41",
    "ciudades": [
      { "label": "Neiva", "value": "001" },
      { "label": "Acevedo", "value": "006" },
      { "label": "Agrado", "value": "013" },
      { "label": "Aipe", "value": "016" },
      { "label": "Algeciras", "value": "020" },
      { "label": "Altamira", "value": "026" },
      { "label": "Baraya", "value": "078" },
      { "label": "Campoalegre", "value": "132" },
      { "label": "Colombia", "value": "206" },
      { "label": "Elías", "value": "244" },
      { "label": "Garzón", "value": "298" },
      { "label": "Gigante", "value": "306" },
      { "label": "Guadalupe", "value": "319" },
      { "label": "Hobo", "value": "349" },
      { "label": "Íquira", "value": "357" },
      { "label": "Isnos", "value": "359" },
      { "label": "La Argentina", "value": "378" },
      { "label": "La Plata", "value": "396" },
      { "label": "Nátaga", "value": "483" },
      { "label": "Oporapa", "value": "503" },
      { "label": "Paicol", "value": "518" },
      { "label": "Palermo", "value": "524" },
      { "label": "Palestina", "value": "530" },
      { "label": "Pital", "value": "548" },
      { "label": "Pitalito", "value": "551" },
      { "label": "Rivera", "value": "615" },
      { "label": "Saladoblanco", "value": "660" },
      { "label": "San Agustín", "value": "668" },
      { "label": "Santa María", "value": "676" },
      { "label": "Suaza", "value": "770" },
      { "label": "Tarqui", "value": "791" },
      { "label": "Tesalia", "value": "797" },
      { "label": "Tello", "value": "799" },
      { "label": "Teruel", "value": "801" },
      { "label": "Timaná", "value": "807" },
      { "label": "Villavieja", "value": "872" },
      { "label": "Yaguará", "value": "885" }
    ]
  },
  {
    "value": "44",
    "ciudades": [
      { "label": "Riohacha", "value": "001" },
      { "label": "Albania", "value": "035" },
      { "label": "Barrancas", "value": "078" },
      { "label": "Dibulla", "value": "090" },
      { "label": "Distracción", "value": "098" },
      { "label": "El Molino", "value": "110" },
      { "label": "Fonseca", "value": "279" },
      { "label": "Hatonuevo", "value": "378" },
      { "label": "La Jagua Del Pilar", "value": "420" },
      { "label": "Maicao", "value": "430" },
      { "label": "Manaure", "value": "560" },
      { "label": "San Juan Del Cesar", "value": "650" },
      { "label": "Uribia", "value": "847" },
      { "label": "Urumita", "value": "855" },
      { "label": "Villanueva", "value": "874" }
    ]
  },
  {
    "value": "47",
    "ciudades": [
      { "label": "Santa Marta", "value": "001" },
      { "label": "Algarrobo", "value": "030" },
      { "label": "Aracataca", "value": "053" },
      { "label": "Ariguaní", "value": "058" },
      { "label": "Cerro De San Antonio", "value": "161" },
      { "label": "Chivolo", "value": "170" },
      { "label": "Ciénaga", "value": "189" },
      { "label": "Concordia", "value": "205" },
      { "label": "El Banco", "value": "245" },
      { "label": "El Piñón", "value": "258" },
      { "label": "El Retén", "value": "268" },
      { "label": "Fundación", "value": "288" },
      { "label": "Guamal", "value": "318" },
      { "label": "Nueva Granada", "value": "460" },
      { "label": "Pedraza", "value": "541" },
      { "label": "Pijiño Del Carmen", "value": "545" },
      { "label": "Pivijay", "value": "551" },
      { "label": "Plato", "value": "555" },
      { "label": "Puebloviejo", "value": "570" },
      { "label": "Remolino", "value": "605" },
      { "label": "Sabanas De San Ángel", "value": "660" },
      { "label": "Salamina", "value": "675" },
      { "label": "San Sebastián De Buenavista", "value": "692" },
      { "label": "San Zenón", "value": "703" },
      { "label": "Santa Ana", "value": "707" },
      { "label": "Santa Bárbara De Pinto", "value": "720" },
      { "label": "Sitionuevo", "value": "745" },
      { "label": "Tenerife", "value": "798" },
      { "label": "Zapayán", "value": "960" },
      { "label": "Zona Bananera", "value": "980" }
    ]
  },
  {
    "value": "50",
    "ciudades": [
      { "label": "Villavicencio", "value": "001" },
      { "label": "Acacías", "value": "006" },
      { "label": "Barranca De Upía", "value": "110" },
      { "label": "Cabuyaro", "value": "124" },
      { "label": "Castilla La Nueva", "value": "150" },
      { "label": "Cubarral", "value": "223" },
      { "label": "Cumaral", "value": "226" },
      { "label": "El Calvario", "value": "245" },
      { "label": "El Castillo", "value": "251" },
      { "label": "El Dorado", "value": "270" },
      { "label": "Fuente De Oro", "value": "287" },
      { "label": "Granada", "value": "313" },
      { "label": "Guamal", "value": "318" },
      { "label": "Mapiripán", "value": "325" },
      { "label": "Mesetas", "value": "330" },
      { "label": "La Macarena", "value": "350" },
      { "label": "Uribe", "value": "370" },
      { "label": "Lejanías", "value": "400" },
      { "label": "Puerto Concordia", "value": "450" },
      { "label": "Puerto Gaitán", "value": "568" },
      { "label": "Puerto López", "value": "573" },
      { "label": "Puerto Lleras", "value": "577" },
      { "label": "Puerto Rico", "value": "590" },
      { "label": "Restrepo", "value": "606" },
      { "label": "San Carlos De Guaroa", "value": "680" },
      { "label": "San Juan De Arama", "value": "683" },
      { "label": "San Juanito", "value": "686" },
      { "label": "San Martín", "value": "689" },
      { "label": "Vistahermosa", "value": "711" }
    ]
  },
  {
    "value": "52",
    "ciudades": [
      { "label": "Pasto", "value": "001" },
      { "label": "Albán", "value": "019" },
      { "label": "Aldana", "value": "022" },
      { "label": "Ancuya", "value": "036" },
      { "label": "Arboleda", "value": "051" },
      { "label": "Barbacoas", "value": "079" },
      { "label": "Belén", "value": "083" },
      { "label": "Buesaco", "value": "110" },
      { "label": "Colón", "value": "203" },
      { "label": "Consacá", "value": "207" },
      { "label": "Contadero", "value": "210" },
      { "label": "Córdoba", "value": "215" },
      { "label": "Cuaspud Carlosama", "value": "224" },
      { "label": "Cumbal", "value": "227" },
      { "label": "Cumbitara", "value": "233" },
      { "label": "Chachagüí", "value": "240" },
      { "label": "El Charco", "value": "250" },
      { "label": "El Peñol", "value": "254" },
      { "label": "El Rosario", "value": "256" },
      { "label": "El Tablón De Gómez", "value": "258" },
      { "label": "El Tambo", "value": "260" },
      { "label": "Funes", "value": "287" },
      { "label": "Guachucal", "value": "317" },
      { "label": "Guaitarilla", "value": "320" },
      { "label": "Gualmatán", "value": "323" },
      { "label": "Iles", "value": "352" },
      { "label": "Imués", "value": "354" },
      { "label": "Ipiales", "value": "356" },
      { "label": "La Cruz", "value": "378" },
      { "label": "La Florida", "value": "381" },
      { "label": "La Llanada", "value": "385" },
      { "label": "La Tola", "value": "390" },
      { "label": "La Unión", "value": "399" },
      { "label": "Leiva", "value": "405" },
      { "label": "Linares", "value": "411" },
      { "label": "Los Andes", "value": "418" },
      { "label": "Magüí", "value": "427" },
      { "label": "Mallama", "value": "435" },
      { "label": "Mosquera", "value": "473" },
      { "label": "Nariño", "value": "480" },
      { "label": "Olaya Herrera", "value": "490" },
      { "label": "Ospina", "value": "506" },
      { "label": "Francisco Pizarro", "value": "520" },
      { "label": "Policarpa", "value": "540" },
      { "label": "Potosí", "value": "560" },
      { "label": "Providencia", "value": "565" },
      { "label": "Puerres", "value": "573" },
      { "label": "Pupiales", "value": "585" },
      { "label": "Ricaurte", "value": "612" },
      { "label": "Roberto Payán", "value": "621" },
      { "label": "Samaniego", "value": "678" },
      { "label": "Sandoná", "value": "683" },
      { "label": "San Bernardo", "value": "685" },
      { "label": "San Lorenzo", "value": "687" },
      { "label": "San Pablo", "value": "693" },
      { "label": "San Pedro De Cartago", "value": "694" },
      { "label": "Santa Bárbara", "value": "696" },
      { "label": "Santacruz", "value": "699" },
      { "label": "Sapuyes", "value": "720" },
      { "label": "Taminango", "value": "786" },
      { "label": "Tangua", "value": "788" },
      { "label": "San Andrés De Tumaco", "value": "835" },
      { "label": "Túquerres", "value": "838" },
      { "label": "Yacuanquer", "value": "885" }
    ]
  },
  {
    "value": "54",
    "ciudades": [
      { "label": "San José De Cúcuta", "value": "001" },
      { "label": "Ábrego", "value": "003" },
      { "label": "Arboledas", "value": "051" },
      { "label": "Bochalema", "value": "099" },
      { "label": "Bucarasica", "value": "109" },
      { "label": "Cácota", "value": "125" },
      { "label": "Cáchira", "value": "128" },
      { "label": "Chinácota", "value": "172" },
      { "label": "Chitagá", "value": "174" },
      { "label": "Convención", "value": "206" },
      { "label": "Cucutilla", "value": "223" },
      { "label": "Durania", "value": "239" },
      { "label": "El Carmen", "value": "245" },
      { "label": "El Tarra", "value": "250" },
      { "label": "El Zulia", "value": "261" },
      { "label": "Gramalote", "value": "313" },
      { "label": "Hacarí", "value": "344" },
      { "label": "Herrán", "value": "347" },
      { "label": "Labateca", "value": "377" },
      { "label": "La Esperanza", "value": "385" },
      { "label": "La Playa", "value": "398" },
      { "label": "Los Patios", "value": "405" },
      { "label": "Lourdes", "value": "418" },
      { "label": "Mutiscua", "value": "480" },
      { "label": "Ocaña", "value": "498" },
      { "label": "Pamplona", "value": "518" },
      { "label": "Pamplonita", "value": "520" },
      { "label": "Puerto Santander", "value": "553" },
      { "label": "Ragonvalia", "value": "599" },
      { "label": "Salazar", "value": "660" },
      { "label": "San Calixto", "value": "670" },
      { "label": "San Cayetano", "value": "673" },
      { "label": "Santiago", "value": "680" },
      { "label": "Sardinata", "value": "720" },
      { "label": "Silos", "value": "743" },
      { "label": "Teorama", "value": "800" },
      { "label": "Tibú", "value": "810" },
      { "label": "Toledo", "value": "820" },
      { "label": "Villa Caro", "value": "871" },
      { "label": "Villa Del Rosario", "value": "874" }
    ]
  },
  {
    "value": "63",
    "ciudades": [
      { "label": "Armenia", "value": "001" },
      { "label": "Buenavista", "value": "111" },
      { "label": "Calarcá", "value": "130" },
      { "label": "Circasia", "value": "190" },
      { "label": "Córdoba", "value": "212" },
      { "label": "Filandia", "value": "272" },
      { "label": "Génova", "value": "302" },
      { "label": "La Tebaida", "value": "401" },
      { "label": "Montenegro", "value": "470" },
      { "label": "Pijao", "value": "548" },
      { "label": "Quimbaya", "value": "594" },
      { "label": "Salento", "value": "690" }
    ]
  },
  {
    "value": "66",
    "ciudades": [
      { "label": "Pereira", "value": "001" },
      { "label": "Apía", "value": "045" },
      { "label": "Balboa", "value": "075" },
      { "label": "Belén De Umbría", "value": "088" },
      { "label": "Dosquebradas", "value": "170" },
      { "label": "Guática", "value": "318" },
      { "label": "La Celia", "value": "383" },
      { "label": "La Virginia", "value": "400" },
      { "label": "Marsella", "value": "440" },
      { "label": "Mistrató", "value": "456" },
      { "label": "Pueblo Rico", "value": "572" },
      { "label": "Quinchía", "value": "594" },
      { "label": "Santa Rosa De Cabal", "value": "682" },
      { "label": "Santuario", "value": "687" }
    ]
  },
  {
    "value": "68",
    "ciudades": [
      { "label": "Bucaramanga", "value": "001" },
      { "label": "Aguada", "value": "013" },
      { "label": "Albania", "value": "020" },
      { "label": "Aratoca", "value": "051" },
      { "label": "Barbosa", "value": "077" },
      { "label": "Barichara", "value": "079" },
      { "label": "Barrancabermeja", "value": "081" },
      { "label": "Betulia", "value": "092" },
      { "label": "Bolívar", "value": "101" },
      { "label": "Cabrera", "value": "121" },
      { "label": "California", "value": "132" },
      { "label": "Capitanejo", "value": "147" },
      { "label": "Carcasí", "value": "152" },
      { "label": "Cepitá", "value": "160" },
      { "label": "Cerrito", "value": "162" },
      { "label": "Charalá", "value": "167" },
      { "label": "Charta", "value": "169" },
      { "label": "Chima", "value": "176" },
      { "label": "Chipatá", "value": "179" },
      { "label": "Cimitarra", "value": "190" },
      { "label": "Concepción", "value": "207" },
      { "label": "Confines", "value": "209" },
      { "label": "Contratación", "value": "211" },
      { "label": "Coromoro", "value": "217" },
      { "label": "Curití", "value": "229" },
      { "label": "El Carmen De Chucuri", "value": "235" },
      { "label": "El Guacamayo", "value": "245" },
      { "label": "El Peñón", "value": "250" },
      { "label": "El Playón", "value": "255" },
      { "label": "Encino", "value": "264" },
      { "label": "Enciso", "value": "266" },
      { "label": "Florián", "value": "271" },
      { "label": "Floridablanca", "value": "276" },
      { "label": "Galán", "value": "296" },
      { "label": "Gámbita", "value": "298" },
      { "label": "Girón", "value": "307" },
      { "label": "Guaca", "value": "318" },
      { "label": "Guadalupe", "value": "320" },
      { "label": "Guapotá", "value": "322" },
      { "label": "Guavatá", "value": "324" },
      { "label": "Güepsa", "value": "327" },
      { "label": "Hato", "value": "344" },
      { "label": "Jesús María", "value": "368" },
      { "label": "Jordán", "value": "370" },
      { "label": "La Belleza", "value": "377" },
      { "label": "Landázuri", "value": "385" },
      { "label": "La Paz", "value": "397" },
      { "label": "Lebrija", "value": "406" },
      { "label": "Los Santos", "value": "418" },
      { "label": "Macaravita", "value": "425" },
      { "label": "Málaga", "value": "432" },
      { "label": "Matanza", "value": "444" },
      { "label": "Mogotes", "value": "464" },
      { "label": "Molagavita", "value": "468" },
      { "label": "Ocamonte", "value": "498" },
      { "label": "Oiba", "value": "500" },
      { "label": "Onzaga", "value": "502" },
      { "label": "Palmar", "value": "522" },
      { "label": "Palmas Del Socorro", "value": "524" },
      { "label": "Páramo", "value": "533" },
      { "label": "Piedecuesta", "value": "547" },
      { "label": "Pinchote", "value": "549" },
      { "label": "Puente Nacional", "value": "572" },
      { "label": "Puerto Parra", "value": "573" },
      { "label": "Puerto Wilches", "value": "575" },
      { "label": "Rionegro", "value": "615" },
      { "label": "Sabana De Torres", "value": "655" },
      { "label": "San Andrés", "value": "669" },
      { "label": "San Benito", "value": "673" },
      { "label": "San Gil", "value": "679" },
      { "label": "San Joaquín", "value": "682" },
      { "label": "San José De Miranda", "value": "684" },
      { "label": "San Miguel", "value": "686" },
      { "label": "San Vicente De Chucurí", "value": "689" },
      { "label": "Santa Bárbara", "value": "705" },
      { "label": "Santa Helena Del Opón", "value": "720" },
      { "label": "Simacota", "value": "745" },
      { "label": "Socorro", "value": "755" },
      { "label": "Suaita", "value": "770" },
      { "label": "Sucre", "value": "773" },
      { "label": "Suratá", "value": "780" },
      { "label": "Tona", "value": "820" },
      { "label": "Valle De San José", "value": "855" },
      { "label": "Vélez", "value": "861" },
      { "label": "Vetas", "value": "867" },
      { "label": "Villanueva", "value": "872" },
      { "label": "Zapatoca", "value": "895" }
    ]
  },
  {
    "value": "70",
    "ciudades": [
      { "label": "Sincelejo", "value": "001" },
      { "label": "Buenavista", "value": "110" },
      { "label": "Caimito", "value": "124" },
      { "label": "Colosó", "value": "204" },
      { "label": "Corozal", "value": "215" },
      { "label": "Coveñas", "value": "221" },
      { "label": "Chalán", "value": "230" },
      { "label": "El Roble", "value": "233" },
      { "label": "Galeras", "value": "235" },
      { "label": "Guaranda", "value": "265" },
      { "label": "La Unión", "value": "400" },
      { "label": "Los Palmitos", "value": "418" },
      { "label": "Majagual", "value": "429" },
      { "label": "Morroa", "value": "473" },
      { "label": "Ovejas", "value": "508" },
      { "label": "Palmito", "value": "523" },
      { "label": "Sampués", "value": "670" },
      { "label": "San Benito Abad", "value": "678" },
      { "label": "San Juan De Betulia", "value": "702" },
      { "label": "San Marcos", "value": "708" },
      { "label": "San Onofre", "value": "713" },
      { "label": "San Pedro", "value": "717" },
      { "label": "San Luis De Sincé", "value": "742" },
      { "label": "Sucre", "value": "771" },
      { "label": "Santiago De Tolú", "value": "820" },
      { "label": "San José De Toluviejo", "value": "823" }
    ]
  },
  {
    "value": "73",
    "ciudades": [
      { "label": "Ibagué", "value": "001" },
      { "label": "Alpujarra", "value": "024" },
      { "label": "Alvarado", "value": "026" },
      { "label": "Ambalema", "value": "030" },
      { "label": "Anzoátegui", "value": "043" },
      { "label": "Armero", "value": "055" },
      { "label": "Ataco", "value": "067" },
      { "label": "Cajamarca", "value": "124" },
      { "label": "Carmen De Apicalá", "value": "148" },
      { "label": "Casabianca", "value": "152" },
      { "label": "Chaparral", "value": "168" },
      { "label": "Coello", "value": "200" },
      { "label": "Coyaima", "value": "217" },
      { "label": "Cunday", "value": "226" },
      { "label": "Dolores", "value": "236" },
      { "label": "Espinal", "value": "268" },
      { "label": "Falan", "value": "270" },
      { "label": "Flandes", "value": "275" },
      { "label": "Fresno", "value": "283" },
      { "label": "Guamo", "value": "319" },
      { "label": "Herveo", "value": "347" },
      { "label": "Honda", "value": "349" },
      { "label": "Icononzo", "value": "352" },
      { "label": "Lérida", "value": "408" },
      { "label": "Líbano", "value": "411" },
      { "label": "San Sebastián De Mariquita", "value": "443" },
      { "label": "Melgar", "value": "449" },
      { "label": "Murillo", "value": "461" },
      { "label": "Natagaima", "value": "483" },
      { "label": "Ortega", "value": "504" },
      { "label": "Palocabildo", "value": "520" },
      { "label": "Piedras", "value": "547" },
      { "label": "Planadas", "value": "555" },
      { "label": "Prado", "value": "563" },
      { "label": "Purificación", "value": "585" },
      { "label": "Rioblanco", "value": "616" },
      { "label": "Roncesvalles", "value": "622" },
      { "label": "Rovira", "value": "624" },
      { "label": "Saldaña", "value": "671" },
      { "label": "San Antonio", "value": "675" },
      { "label": "San Luis", "value": "678" },
      { "label": "Santa Isabel", "value": "686" },
      { "label": "Suárez", "value": "770" },
      { "label": "Valle De San Juan", "value": "854" },
      { "label": "Venadillo", "value": "861" },
      { "label": "Villahermosa", "value": "870" },
      { "label": "Villarrica", "value": "873" }
    ]
  },
  {
    "value": "76",
    "ciudades": [
      { "label": "Cali", "value": "001" },
      { "label": "Alcalá", "value": "020" },
      { "label": "Andalucía", "value": "036" },
      { "label": "Ansermanuevo", "value": "041" },
      { "label": "Argelia", "value": "054" },
      { "label": "Bolívar", "value": "100" },
      { "label": "Buenaventura", "value": "109" },
      { "label": "Guadalajara De Buga", "value": "111" },
      { "label": "Bugalagrande", "value": "113" },
      { "label": "Caicedonia", "value": "122" },
      { "label": "Calima", "value": "126" },
      { "label": "Candelaria", "value": "130" },
      { "label": "Cartago", "value": "147" },
      { "label": "Dagua", "value": "233" },
      { "label": "El Águila", "value": "243" },
      { "label": "El Cairo", "value": "246" },
      { "label": "El Cerrito", "value": "248" },
      { "label": "El Dovio", "value": "250" },
      { "label": "Florida", "value": "275" },
      { "label": "Ginebra", "value": "306" },
      { "label": "Guacarí", "value": "318" },
      { "label": "Jamundí", "value": "364" },
      { "label": "La Cumbre", "value": "377" },
      { "label": "La Unión", "value": "400" },
      { "label": "La Victoria", "value": "403" },
      { "label": "Obando", "value": "497" },
      { "label": "Palmira", "value": "520" },
      { "label": "Pradera", "value": "563" },
      { "label": "Restrepo", "value": "606" },
      { "label": "Riofrío", "value": "616" },
      { "label": "Roldanillo", "value": "622" },
      { "label": "San Pedro", "value": "670" },
      { "label": "Sevilla", "value": "736" },
      { "label": "Toro", "value": "823" },
      { "label": "Trujillo", "value": "828" },
      { "label": "Tuluá", "value": "834" },
      { "label": "Ulloa", "value": "845" },
      { "label": "Versalles", "value": "863" },
      { "label": "Vijes", "value": "869" },
      { "label": "Yotoco", "value": "890" },
      { "label": "Yumbo", "value": "892" },
      { "label": "Zarzal", "value": "895" }
    ]
  },
  {
    "value": "81",
    "ciudades": [
      { "label": "Arauca", "value": "001" },
      { "label": "Arauquita", "value": "065" },
      { "label": "Cravo Norte", "value": "220" },
      { "label": "Fortul", "value": "300" },
      { "label": "Puerto Rondón", "value": "591" },
      { "label": "Saravena", "value": "736" },
      { "label": "Tame", "value": "794" }
    ]
  },
  {
    "value": "85",
    "ciudades": [
      { "label": "Yopal", "value": "001" },
      { "label": "Aguazul", "value": "010" },
      { "label": "Chámeza", "value": "015" },
      { "label": "Hato Corozal", "value": "125" },
      { "label": "La Salina", "value": "136" },
      { "label": "Maní", "value": "139" },
      { "label": "Monterrey", "value": "162" },
      { "label": "Nunchía", "value": "225" },
      { "label": "Orocué", "value": "230" },
      { "label": "Paz De Ariporo", "value": "250" },
      { "label": "Pore", "value": "263" },
      { "label": "Recetor", "value": "279" },
      { "label": "Sabanalarga", "value": "300" },
      { "label": "Sácama", "value": "315" },
      { "label": "San Luis De Palenque", "value": "325" },
      { "label": "Támara", "value": "400" },
      { "label": "Tauramena", "value": "410" },
      { "label": "Trinidad", "value": "430" },
      { "label": "Villanueva", "value": "440" }
    ]
  },
  {
    "value": "86",
    "ciudades": [
      { "label": "Mocoa", "value": "001" },
      { "label": "Colón", "value": "219" },
      { "label": "Orito", "value": "320" },
      { "label": "Puerto Asís", "value": "568" },
      { "label": "Puerto Caicedo", "value": "569" },
      { "label": "Puerto Guzmán", "value": "571" },
      { "label": "Puerto Leguízamo", "value": "573" },
      { "label": "Sibundoy", "value": "749" },
      { "label": "San Francisco", "value": "755" },
      { "label": "San Miguel", "value": "757" },
      { "label": "Santiago", "value": "760" },
      { "label": "Valle Del Guamuez", "value": "865" },
      { "label": "Villagarzón", "value": "885" }
    ]
  },
  {
    "value": "88",
    "ciudades": [
      { "label": "San Andrés", "value": "001" },
      { "label": "Providencia", "value": "564" }
    ]
  },
  {
    "value": "91",
    "ciudades": [
      { "label": "Leticia", "value": "001" },
      { "label": "El Encanto", "value": "263" },
      { "label": "La Chorrera", "value": "405" },
      { "label": "La Pedrera", "value": "407" },
      { "label": "La Victoria", "value": "430" },
      { "label": "Mirití - Paraná", "value": "460" },
      { "label": "Puerto Alegría", "value": "530" },
      { "label": "Puerto Arica", "value": "536" },
      { "label": "Puerto Nariño", "value": "540" },
      { "label": "Puerto Santander", "value": "669" },
      { "label": "Tarapacá", "value": "798" }
    ]
  },
  {
    "value": "94",
    "ciudades": [
      { "label": "Inírida", "value": "001" },
      { "label": "Barrancominas", "value": "343" },
      { "label": "San Felipe", "value": "883" },
      { "label": "Puerto Colombia", "value": "884" },
      { "label": "La Guadalupe", "value": "885" },
      { "label": "Cacahual", "value": "886" },
      { "label": "Pana Pana", "value": "887" },
      { "label": "Morichal", "value": "888" }
    ]
  },
  {
    "value": "95",
    "ciudades": [
      { "label": "San José Del Guaviare", "value": "001" },
      { "label": "Calamar", "value": "015" },
      { "label": "El Retorno", "value": "025" },
      { "label": "Miraflores", "value": "200" }
    ]
  },
  {
    "value": "97",
    "ciudades": [
      { "label": "Mitú", "value": "001" },
      { "label": "Carurú", "value": "161" },
      { "label": "Pacoa", "value": "511" },
      { "label": "Taraira", "value": "666" },
      { "label": "Papunahua", "value": "777" },
      { "label": "Yavaraté", "value": "889" }
    ]
  },
  {
    "value": "99",
    "ciudades": [
      { "label": "Puerto Carreño", "value": "001" },
      { "label": "La Primavera", "value": "524" },
      { "label": "Santa Rosalía", "value": "624" },
      { "label": "Cumaribo", "value": "773" }
    ]
  },
  {
    "value": "EX",
    "ciudades": [{ "label": "Extranjeros", "value": "EXT" }]
  }
]
